"requirement_id","roadmap_phase","roadmap_summary","original_srs_text_available","implementation_references","test_references","code_paths_found","test_paths_found","technical_evidence","acceptance_assessment","unresolved_gate"
"RB-14","1","Recurring Skip/Pause 24-hour restriction, date-range pause, unaffected sessions, worker approval","NO","Modules/Cleaning/app/Services/RecurringCleaningPauseService.php; Modules/Cleaning/app/Services/CleaningBookingSessionCancellationService.php","tests/Feature/Cleaning/RecurringCleaningPauseResumeRetryTest.php","True","True","PHASE6_BACKEND_BATCH1_63_PASS_567_ASSERTIONS (related subset, NOT one test per requirement)","NOT ACCEPTED - partial technical evidence; source SRS and gates incomplete","Selected Pause date-range, entire session impact preview, worker approval and original RB/AC wording not fully proven"
"RB-15","1","Recurring Skip/Pause 24-hour restriction, date-range pause, unaffected sessions, worker approval","NO","Modules/Cleaning/app/Services/RecurringCleaningPauseService.php; Modules/Cleaning/app/Services/CleaningBookingSessionCancellationService.php","tests/Feature/Cleaning/RecurringCleaningPauseResumeRetryTest.php","True","True","PHASE6_BACKEND_BATCH1_63_PASS_567_ASSERTIONS (related subset, NOT one test per requirement)","NOT ACCEPTED - partial technical evidence; source SRS and gates incomplete","Selected Pause date-range, entire session impact preview, worker approval and original RB/AC wording not fully proven"
"RB-16","1","Recurring Skip/Pause 24-hour restriction, date-range pause, unaffected sessions, worker approval","NO","Modules/Cleaning/app/Services/RecurringCleaningPauseService.php; Modules/Cleaning/app/Services/CleaningBookingSessionCancellationService.php","tests/Feature/Cleaning/RecurringCleaningPauseResumeRetryTest.php","True","True","PHASE6_BACKEND_BATCH1_63_PASS_567_ASSERTIONS (related subset, NOT one test per requirement)","NOT ACCEPTED - partial technical evidence; source SRS and gates incomplete","Selected Pause date-range, entire session impact preview, worker approval and original RB/AC wording not fully proven"
"RB-17","1","Recurring Skip/Pause 24-hour restriction, date-range pause, unaffected sessions, worker approval","NO","Modules/Cleaning/app/Services/RecurringCleaningPauseService.php; Modules/Cleaning/app/Services/CleaningBookingSessionCancellationService.php","tests/Feature/Cleaning/RecurringCleaningPauseResumeRetryTest.php","True","True","PHASE6_BACKEND_BATCH1_63_PASS_567_ASSERTIONS (related subset, NOT one test per requirement)","NOT ACCEPTED - partial technical evidence; source SRS and gates incomplete","Selected Pause date-range, entire session impact preview, worker approval and original RB/AC wording not fully proven"
"AC-04","1","Recurring Skip/Pause 24-hour restriction, date-range pause, unaffected sessions, worker approval","NO","Modules/Cleaning/app/Services/RecurringCleaningPauseService.php; Modules/Cleaning/app/Services/CleaningBookingSessionCancellationService.php","tests/Feature/Cleaning/RecurringCleaningPauseResumeRetryTest.php","True","True","PHASE6_BACKEND_BATCH1_63_PASS_567_ASSERTIONS (related subset, NOT one test per requirement)","NOT ACCEPTED - partial technical evidence; source SRS and gates incomplete","Selected Pause date-range, entire session impact preview, worker approval and original RB/AC wording not fully proven"
"AC-05","1","Recurring Skip/Pause 24-hour restriction, date-range pause, unaffected sessions, worker approval","NO","Modules/Cleaning/app/Services/RecurringCleaningPauseService.php; Modules/Cleaning/app/Services/CleaningBookingSessionCancellationService.php","tests/Feature/Cleaning/RecurringCleaningPauseResumeRetryTest.php","True","True","PHASE6_BACKEND_BATCH1_63_PASS_567_ASSERTIONS (related subset, NOT one test per requirement)","NOT ACCEPTED - partial technical evidence; source SRS and gates incomplete","Selected Pause date-range, entire session impact preview, worker approval and original RB/AC wording not fully proven"
"SS-13","2","Specialist qualifications, equipment authorization, reservation overlap and buffer rules","NO","Modules/Cleaning/app/Services/CleaningSpecialistAuthorizationService.php; Modules/Cleaning/app/Services/CleaningSpecialistEquipmentReservationService.php","tests/Feature/Cleaning/CleaningSpecialistReservationGateTest.php; tests/Feature/Cleaning/CleaningBookingSessionAcceptanceTest.php","True","True","PHASE6_BACKEND_BATCH1_63_PASS_567_ASSERTIONS (related subset, NOT one test per requirement)","NOT ACCEPTED - partial technical evidence; source SRS and gates incomplete","Multi-connection MySQL reservation race, every reassignment path, original SS/AC wording not fully proven"
"SS-14","2","Specialist qualifications, equipment authorization, reservation overlap and buffer rules","NO","Modules/Cleaning/app/Services/CleaningSpecialistAuthorizationService.php; Modules/Cleaning/app/Services/CleaningSpecialistEquipmentReservationService.php","tests/Feature/Cleaning/CleaningSpecialistReservationGateTest.php; tests/Feature/Cleaning/CleaningBookingSessionAcceptanceTest.php","True","True","PHASE6_BACKEND_BATCH1_63_PASS_567_ASSERTIONS (related subset, NOT one test per requirement)","NOT ACCEPTED - partial technical evidence; source SRS and gates incomplete","Multi-connection MySQL reservation race, every reassignment path, original SS/AC wording not fully proven"
"SS-16","2","Specialist qualifications, equipment authorization, reservation overlap and buffer rules","NO","Modules/Cleaning/app/Services/CleaningSpecialistAuthorizationService.php; Modules/Cleaning/app/Services/CleaningSpecialistEquipmentReservationService.php","tests/Feature/Cleaning/CleaningSpecialistReservationGateTest.php; tests/Feature/Cleaning/CleaningBookingSessionAcceptanceTest.php","True","True","PHASE6_BACKEND_BATCH1_63_PASS_567_ASSERTIONS (related subset, NOT one test per requirement)","NOT ACCEPTED - partial technical evidence; source SRS and gates incomplete","Multi-connection MySQL reservation race, every reassignment path, original SS/AC wording not fully proven"
"SS-19","2","Specialist qualifications, equipment authorization, reservation overlap and buffer rules","NO","Modules/Cleaning/app/Services/CleaningSpecialistAuthorizationService.php; Modules/Cleaning/app/Services/CleaningSpecialistEquipmentReservationService.php","tests/Feature/Cleaning/CleaningSpecialistReservationGateTest.php; tests/Feature/Cleaning/CleaningBookingSessionAcceptanceTest.php","True","True","PHASE6_BACKEND_BATCH1_63_PASS_567_ASSERTIONS (related subset, NOT one test per requirement)","NOT ACCEPTED - partial technical evidence; source SRS and gates incomplete","Multi-connection MySQL reservation race, every reassignment path, original SS/AC wording not fully proven"
"SS-20","2","Specialist qualifications, equipment authorization, reservation overlap and buffer rules","NO","Modules/Cleaning/app/Services/CleaningSpecialistAuthorizationService.php; Modules/Cleaning/app/Services/CleaningSpecialistEquipmentReservationService.php","tests/Feature/Cleaning/CleaningSpecialistReservationGateTest.php; tests/Feature/Cleaning/CleaningBookingSessionAcceptanceTest.php","True","True","PHASE6_BACKEND_BATCH1_63_PASS_567_ASSERTIONS (related subset, NOT one test per requirement)","NOT ACCEPTED - partial technical evidence; source SRS and gates incomplete","Multi-connection MySQL reservation race, every reassignment path, original SS/AC wording not fully proven"
"AC-14","2","Specialist qualifications, equipment authorization, reservation overlap and buffer rules","NO","Modules/Cleaning/app/Services/CleaningSpecialistAuthorizationService.php; Modules/Cleaning/app/Services/CleaningSpecialistEquipmentReservationService.php","tests/Feature/Cleaning/CleaningSpecialistReservationGateTest.php; tests/Feature/Cleaning/CleaningBookingSessionAcceptanceTest.php","True","True","PHASE6_BACKEND_BATCH1_63_PASS_567_ASSERTIONS (related subset, NOT one test per requirement)","NOT ACCEPTED - partial technical evidence; source SRS and gates incomplete","Multi-connection MySQL reservation race, every reassignment path, original SS/AC wording not fully proven"
"AC-15","2","Specialist qualifications, equipment authorization, reservation overlap and buffer rules","NO","Modules/Cleaning/app/Services/CleaningSpecialistAuthorizationService.php; Modules/Cleaning/app/Services/CleaningSpecialistEquipmentReservationService.php","tests/Feature/Cleaning/CleaningSpecialistReservationGateTest.php; tests/Feature/Cleaning/CleaningBookingSessionAcceptanceTest.php","True","True","PHASE6_BACKEND_BATCH1_63_PASS_567_ASSERTIONS (related subset, NOT one test per requirement)","NOT ACCEPTED - partial technical evidence; source SRS and gates incomplete","Multi-connection MySQL reservation race, every reassignment path, original SS/AC wording not fully proven"
"OT-16","3","Administrative open-time termination and equipment handover, return and audit","NO","Modules/Cleaning/app/Services/CleaningAdministrativeOperationsService.php; Modules/Cleaning/app/Services/CleaningEquipmentHandoverService.php","tests/Feature/Cleaning/CleaningAdministrativePhase3WorkflowTest.php; tests/Feature/Cleaning/CleaningOperationalExtrasLifecycleTest.php","True","True","PHASE6_BACKEND_BATCH1_63_PASS_567_ASSERTIONS (related subset, NOT one test per requirement)","NOT ACCEPTED - partial technical evidence; source SRS and gates incomplete","Queue and notification fan-out, real settlement edge cases, exact original OT/SS wording unverified"
"SS-21","3","Administrative open-time termination and equipment handover, return and audit","NO","Modules/Cleaning/app/Services/CleaningAdministrativeOperationsService.php; Modules/Cleaning/app/Services/CleaningEquipmentHandoverService.php","tests/Feature/Cleaning/CleaningAdministrativePhase3WorkflowTest.php; tests/Feature/Cleaning/CleaningOperationalExtrasLifecycleTest.php","True","True","PHASE6_BACKEND_BATCH1_63_PASS_567_ASSERTIONS (related subset, NOT one test per requirement)","NOT ACCEPTED - partial technical evidence; source SRS and gates incomplete","Queue and notification fan-out, real settlement edge cases, exact original OT/SS wording unverified"
"SS-22","3","Administrative open-time termination and equipment handover, return and audit","NO","Modules/Cleaning/app/Services/CleaningAdministrativeOperationsService.php; Modules/Cleaning/app/Services/CleaningEquipmentHandoverService.php","tests/Feature/Cleaning/CleaningAdministrativePhase3WorkflowTest.php; tests/Feature/Cleaning/CleaningOperationalExtrasLifecycleTest.php","True","True","PHASE6_BACKEND_BATCH1_63_PASS_567_ASSERTIONS (related subset, NOT one test per requirement)","NOT ACCEPTED - partial technical evidence; source SRS and gates incomplete","Queue and notification fan-out, real settlement edge cases, exact original OT/SS wording unverified"
"SS-01","4","Special-service standalone and add-on booking, customer approval, item details and audit","NO","Modules/User/app/Services/UserCleaningOrderService.php; Modules/User/app/Http/Resources/UserCleaningBookingResource.php","tests/Feature/UserModule/CleaningSpecialServiceCustomerEditPhase4Test.php; tests/Feature/UserModule/CleaningV2PublicContractTest.php","True","True","PHASE6_BACKEND_BATCH1_63_PASS_567_ASSERTIONS (related subset, NOT one test per requirement)","NOT ACCEPTED - partial technical evidence; source SRS and gates incomplete","Post-assignment worker/admin service change proposal with customer acceptance/rejection and financial reallocation not implemented"
"SS-02","4","Special-service standalone and add-on booking, customer approval, item details and audit","NO","Modules/User/app/Services/UserCleaningOrderService.php; Modules/User/app/Http/Resources/UserCleaningBookingResource.php","tests/Feature/UserModule/CleaningSpecialServiceCustomerEditPhase4Test.php; tests/Feature/UserModule/CleaningV2PublicContractTest.php","True","True","PHASE6_BACKEND_BATCH1_63_PASS_567_ASSERTIONS (related subset, NOT one test per requirement)","NOT ACCEPTED - partial technical evidence; source SRS and gates incomplete","Post-assignment worker/admin service change proposal with customer acceptance/rejection and financial reallocation not implemented"
"SS-04","4","Special-service standalone and add-on booking, customer approval, item details and audit","NO","Modules/User/app/Services/UserCleaningOrderService.php; Modules/User/app/Http/Resources/UserCleaningBookingResource.php","tests/Feature/UserModule/CleaningSpecialServiceCustomerEditPhase4Test.php; tests/Feature/UserModule/CleaningV2PublicContractTest.php","True","True","PHASE6_BACKEND_BATCH1_63_PASS_567_ASSERTIONS (related subset, NOT one test per requirement)","NOT ACCEPTED - partial technical evidence; source SRS and gates incomplete","Post-assignment worker/admin service change proposal with customer acceptance/rejection and financial reallocation not implemented"
"SS-05","4","Special-service standalone and add-on booking, customer approval, item details and audit","NO","Modules/User/app/Services/UserCleaningOrderService.php; Modules/User/app/Http/Resources/UserCleaningBookingResource.php","tests/Feature/UserModule/CleaningSpecialServiceCustomerEditPhase4Test.php; tests/Feature/UserModule/CleaningV2PublicContractTest.php","True","True","PHASE6_BACKEND_BATCH1_63_PASS_567_ASSERTIONS (related subset, NOT one test per requirement)","NOT ACCEPTED - partial technical evidence; source SRS and gates incomplete","Post-assignment worker/admin service change proposal with customer acceptance/rejection and financial reallocation not implemented"
"SS-06","4","Special-service standalone and add-on booking, customer approval, item details and audit","NO","Modules/User/app/Services/UserCleaningOrderService.php; Modules/User/app/Http/Resources/UserCleaningBookingResource.php","tests/Feature/UserModule/CleaningSpecialServiceCustomerEditPhase4Test.php; tests/Feature/UserModule/CleaningV2PublicContractTest.php","True","True","PHASE6_BACKEND_BATCH1_63_PASS_567_ASSERTIONS (related subset, NOT one test per requirement)","NOT ACCEPTED - partial technical evidence; source SRS and gates incomplete","Post-assignment worker/admin service change proposal with customer acceptance/rejection and financial reallocation not implemented"
"SS-07","4","Special-service standalone and add-on booking, customer approval, item details and audit","NO","Modules/User/app/Services/UserCleaningOrderService.php; Modules/User/app/Http/Resources/UserCleaningBookingResource.php","tests/Feature/UserModule/CleaningSpecialServiceCustomerEditPhase4Test.php; tests/Feature/UserModule/CleaningV2PublicContractTest.php","True","True","PHASE6_BACKEND_BATCH1_63_PASS_567_ASSERTIONS (related subset, NOT one test per requirement)","NOT ACCEPTED - partial technical evidence; source SRS and gates incomplete","Post-assignment worker/admin service change proposal with customer acceptance/rejection and financial reallocation not implemented"
"SS-08","4","Special-service standalone and add-on booking, customer approval, item details and audit","NO","Modules/User/app/Services/UserCleaningOrderService.php; Modules/User/app/Http/Resources/UserCleaningBookingResource.php","tests/Feature/UserModule/CleaningSpecialServiceCustomerEditPhase4Test.php; tests/Feature/UserModule/CleaningV2PublicContractTest.php","True","True","PHASE6_BACKEND_BATCH1_63_PASS_567_ASSERTIONS (related subset, NOT one test per requirement)","NOT ACCEPTED - partial technical evidence; source SRS and gates incomplete","Post-assignment worker/admin service change proposal with customer acceptance/rejection and financial reallocation not implemented"
"SS-09","4","Special-service standalone and add-on booking, customer approval, item details and audit","NO","Modules/User/app/Services/UserCleaningOrderService.php; Modules/User/app/Http/Resources/UserCleaningBookingResource.php","tests/Feature/UserModule/CleaningSpecialServiceCustomerEditPhase4Test.php; tests/Feature/UserModule/CleaningV2PublicContractTest.php","True","True","PHASE6_BACKEND_BATCH1_63_PASS_567_ASSERTIONS (related subset, NOT one test per requirement)","NOT ACCEPTED - partial technical evidence; source SRS and gates incomplete","Post-assignment worker/admin service change proposal with customer acceptance/rejection and financial reallocation not implemented"
"SS-10","4","Special-service standalone and add-on booking, customer approval, item details and audit","NO","Modules/User/app/Services/UserCleaningOrderService.php; Modules/User/app/Http/Resources/UserCleaningBookingResource.php","tests/Feature/UserModule/CleaningSpecialServiceCustomerEditPhase4Test.php; tests/Feature/UserModule/CleaningV2PublicContractTest.php","True","True","PHASE6_BACKEND_BATCH1_63_PASS_567_ASSERTIONS (related subset, NOT one test per requirement)","NOT ACCEPTED - partial technical evidence; source SRS and gates incomplete","Post-assignment worker/admin service change proposal with customer acceptance/rejection and financial reallocation not implemented"
"SS-11","4","Special-service standalone and add-on booking, customer approval, item details and audit","NO","Modules/User/app/Services/UserCleaningOrderService.php; Modules/User/app/Http/Resources/UserCleaningBookingResource.php","tests/Feature/UserModule/CleaningSpecialServiceCustomerEditPhase4Test.php; tests/Feature/UserModule/CleaningV2PublicContractTest.php","True","True","PHASE6_BACKEND_BATCH1_63_PASS_567_ASSERTIONS (related subset, NOT one test per requirement)","NOT ACCEPTED - partial technical evidence; source SRS and gates incomplete","Post-assignment worker/admin service change proposal with customer acceptance/rejection and financial reallocation not implemented"
"SS-12","4","Special-service standalone and add-on booking, customer approval, item details and audit","NO","Modules/User/app/Services/UserCleaningOrderService.php; Modules/User/app/Http/Resources/UserCleaningBookingResource.php","tests/Feature/UserModule/CleaningSpecialServiceCustomerEditPhase4Test.php; tests/Feature/UserModule/CleaningV2PublicContractTest.php","True","True","PHASE6_BACKEND_BATCH1_63_PASS_567_ASSERTIONS (related subset, NOT one test per requirement)","NOT ACCEPTED - partial technical evidence; source SRS and gates incomplete","Post-assignment worker/admin service change proposal with customer acceptance/rejection and financial reallocation not implemented"
"SS-23","4","Special-service standalone and add-on booking, customer approval, item details and audit","NO","Modules/User/app/Services/UserCleaningOrderService.php; Modules/User/app/Http/Resources/UserCleaningBookingResource.php","tests/Feature/UserModule/CleaningSpecialServiceCustomerEditPhase4Test.php; tests/Feature/UserModule/CleaningV2PublicContractTest.php","True","True","PHASE6_BACKEND_BATCH1_63_PASS_567_ASSERTIONS (related subset, NOT one test per requirement)","NOT ACCEPTED - partial technical evidence; source SRS and gates incomplete","Post-assignment worker/admin service change proposal with customer acceptance/rejection and financial reallocation not implemented"
"SS-24","4","Special-service standalone and add-on booking, customer approval, item details and audit","NO","Modules/User/app/Services/UserCleaningOrderService.php; Modules/User/app/Http/Resources/UserCleaningBookingResource.php","tests/Feature/UserModule/CleaningSpecialServiceCustomerEditPhase4Test.php; tests/Feature/UserModule/CleaningV2PublicContractTest.php","True","True","PHASE6_BACKEND_BATCH1_63_PASS_567_ASSERTIONS (related subset, NOT one test per requirement)","NOT ACCEPTED - partial technical evidence; source SRS and gates incomplete","Post-assignment worker/admin service change proposal with customer acceptance/rejection and financial reallocation not implemented"
"SS-25","4","Special-service standalone and add-on booking, customer approval, item details and audit","NO","Modules/User/app/Services/UserCleaningOrderService.php; Modules/User/app/Http/Resources/UserCleaningBookingResource.php","tests/Feature/UserModule/CleaningSpecialServiceCustomerEditPhase4Test.php; tests/Feature/UserModule/CleaningV2PublicContractTest.php","True","True","PHASE6_BACKEND_BATCH1_63_PASS_567_ASSERTIONS (related subset, NOT one test per requirement)","NOT ACCEPTED - partial technical evidence; source SRS and gates incomplete","Post-assignment worker/admin service change proposal with customer acceptance/rejection and financial reallocation not implemented"
"SS-26","4","Special-service standalone and add-on booking, customer approval, item details and audit","NO","Modules/User/app/Services/UserCleaningOrderService.php; Modules/User/app/Http/Resources/UserCleaningBookingResource.php","tests/Feature/UserModule/CleaningSpecialServiceCustomerEditPhase4Test.php; tests/Feature/UserModule/CleaningV2PublicContractTest.php","True","True","PHASE6_BACKEND_BATCH1_63_PASS_567_ASSERTIONS (related subset, NOT one test per requirement)","NOT ACCEPTED - partial technical evidence; source SRS and gates incomplete","Post-assignment worker/admin service change proposal with customer acceptance/rejection and financial reallocation not implemented"
"SS-27","4","Special-service standalone and add-on booking, customer approval, item details and audit","NO","Modules/User/app/Services/UserCleaningOrderService.php; Modules/User/app/Http/Resources/UserCleaningBookingResource.php","tests/Feature/UserModule/CleaningSpecialServiceCustomerEditPhase4Test.php; tests/Feature/UserModule/CleaningV2PublicContractTest.php","True","True","PHASE6_BACKEND_BATCH1_63_PASS_567_ASSERTIONS (related subset, NOT one test per requirement)","NOT ACCEPTED - partial technical evidence; source SRS and gates incomplete","Post-assignment worker/admin service change proposal with customer acceptance/rejection and financial reallocation not implemented"
"AC-16","4","Special-service standalone and add-on booking, customer approval, item details and audit","NO","Modules/User/app/Services/UserCleaningOrderService.php; Modules/User/app/Http/Resources/UserCleaningBookingResource.php","tests/Feature/UserModule/CleaningSpecialServiceCustomerEditPhase4Test.php; tests/Feature/UserModule/CleaningV2PublicContractTest.php","True","True","PHASE6_BACKEND_BATCH1_63_PASS_567_ASSERTIONS (related subset, NOT one test per requirement)","NOT ACCEPTED - partial technical evidence; source SRS and gates incomplete","Post-assignment worker/admin service change proposal with customer acceptance/rejection and financial reallocation not implemented"
"AC-17","4","Special-service standalone and add-on booking, customer approval, item details and audit","NO","Modules/User/app/Services/UserCleaningOrderService.php; Modules/User/app/Http/Resources/UserCleaningBookingResource.php","tests/Feature/UserModule/CleaningSpecialServiceCustomerEditPhase4Test.php; tests/Feature/UserModule/CleaningV2PublicContractTest.php","True","True","PHASE6_BACKEND_BATCH1_63_PASS_567_ASSERTIONS (related subset, NOT one test per requirement)","NOT ACCEPTED - partial technical evidence; source SRS and gates incomplete","Post-assignment worker/admin service change proposal with customer acceptance/rejection and financial reallocation not implemented"
"AC-18","4","Special-service standalone and add-on booking, customer approval, item details and audit","NO","Modules/User/app/Services/UserCleaningOrderService.php; Modules/User/app/Http/Resources/UserCleaningBookingResource.php","tests/Feature/UserModule/CleaningSpecialServiceCustomerEditPhase4Test.php; tests/Feature/UserModule/CleaningV2PublicContractTest.php","True","True","PHASE6_BACKEND_BATCH1_63_PASS_567_ASSERTIONS (related subset, NOT one test per requirement)","NOT ACCEPTED - partial technical evidence; source SRS and gates incomplete","Post-assignment worker/admin service change proposal with customer acceptance/rejection and financial reallocation not implemented"
"AC-19","4","Special-service standalone and add-on booking, customer approval, item details and audit","NO","Modules/User/app/Services/UserCleaningOrderService.php; Modules/User/app/Http/Resources/UserCleaningBookingResource.php","tests/Feature/UserModule/CleaningSpecialServiceCustomerEditPhase4Test.php; tests/Feature/UserModule/CleaningV2PublicContractTest.php","True","True","PHASE6_BACKEND_BATCH1_63_PASS_567_ASSERTIONS (related subset, NOT one test per requirement)","NOT ACCEPTED - partial technical evidence; source SRS and gates incomplete","Post-assignment worker/admin service change proposal with customer acceptance/rejection and financial reallocation not implemented"
"AC-20","4","Special-service standalone and add-on booking, customer approval, item details and audit","NO","Modules/User/app/Services/UserCleaningOrderService.php; Modules/User/app/Http/Resources/UserCleaningBookingResource.php","tests/Feature/UserModule/CleaningSpecialServiceCustomerEditPhase4Test.php; tests/Feature/UserModule/CleaningV2PublicContractTest.php","True","True","PHASE6_BACKEND_BATCH1_63_PASS_567_ASSERTIONS (related subset, NOT one test per requirement)","NOT ACCEPTED - partial technical evidence; source SRS and gates incomplete","Post-assignment worker/admin service change proposal with customer acceptance/rejection and financial reallocation not implemented"
"SS-15","5","Fair specialist allocation, sequential/parallel duration calculation, financial and equipment reporting","NO","Modules/Cleaning/app/Services/CleaningSpecialistFairnessRankingService.php; Modules/Cleaning/app/Services/CleaningSpecialOperationsReportService.php","tests/Feature/Cleaning/CleaningPhase5FairnessDurationReportingTest.php; tests/Feature/Filament/CleaningSpecialOperationsReportPageTest.php","True","True","PHASE6_BACKEND_BATCH1_63_PASS_567_ASSERTIONS (related subset, NOT one test per requirement)","NOT ACCEPTED - partial technical evidence; source SRS and gates incomplete","Fairness not integrated with all initial specialist discovery paths; report reconciliation and original SS wording unverified"
"SS-17","5","Fair specialist allocation, sequential/parallel duration calculation, financial and equipment reporting","NO","Modules/Cleaning/app/Services/CleaningSpecialistFairnessRankingService.php; Modules/Cleaning/app/Services/CleaningSpecialOperationsReportService.php","tests/Feature/Cleaning/CleaningPhase5FairnessDurationReportingTest.php; tests/Feature/Filament/CleaningSpecialOperationsReportPageTest.php","True","True","PHASE6_BACKEND_BATCH1_63_PASS_567_ASSERTIONS (related subset, NOT one test per requirement)","NOT ACCEPTED - partial technical evidence; source SRS and gates incomplete","Fairness not integrated with all initial specialist discovery paths; report reconciliation and original SS wording unverified"
"SS-28","5","Fair specialist allocation, sequential/parallel duration calculation, financial and equipment reporting","NO","Modules/Cleaning/app/Services/CleaningSpecialistFairnessRankingService.php; Modules/Cleaning/app/Services/CleaningSpecialOperationsReportService.php","tests/Feature/Cleaning/CleaningPhase5FairnessDurationReportingTest.php; tests/Feature/Filament/CleaningSpecialOperationsReportPageTest.php","True","True","PHASE6_BACKEND_BATCH1_63_PASS_567_ASSERTIONS (related subset, NOT one test per requirement)","NOT ACCEPTED - partial technical evidence; source SRS and gates incomplete","Fairness not integrated with all initial specialist discovery paths; report reconciliation and original SS wording unverified"
