"requirement_id","source","phase","roadmap_group_summary","candidate_code_evidence","test_evidence","status"
"RB-14","User-provided Release 2 roadmap; individual SRS text not yet available","1","Recurring Skip/Pause 24-hour restriction, date-range pause, unaffected sessions, worker approval","Modules/Cleaning/app/Services/RecurringCleaningPauseService.php; Modules/Cleaning/app/Services/CleaningBookingSessionCancellationService.php; Modules/Cleaning/app/Services/CleaningBookingSchedulePresenter.php","tests/Feature/Cleaning/RecurringCleaningPauseResumeRetryTest.php","PARTIAL - 24h cutoff implemented; date range and worker approval pending"
"RB-15","User-provided Release 2 roadmap; individual SRS text not yet available","1","Recurring Skip/Pause 24-hour restriction, date-range pause, unaffected sessions, worker approval","Modules/Cleaning/app/Services/RecurringCleaningPauseService.php; Modules/Cleaning/app/Services/CleaningBookingSessionCancellationService.php; Modules/Cleaning/app/Services/CleaningBookingSchedulePresenter.php","tests/Feature/Cleaning/RecurringCleaningPauseResumeRetryTest.php","PARTIAL - 24h cutoff implemented; date range and worker approval pending"
"RB-16","User-provided Release 2 roadmap; individual SRS text not yet available","1","Recurring Skip/Pause 24-hour restriction, date-range pause, unaffected sessions, worker approval","Modules/Cleaning/app/Services/RecurringCleaningPauseService.php; Modules/Cleaning/app/Services/CleaningBookingSessionCancellationService.php; Modules/Cleaning/app/Services/CleaningBookingSchedulePresenter.php","tests/Feature/Cleaning/RecurringCleaningPauseResumeRetryTest.php","PARTIAL - 24h cutoff implemented; date range and worker approval pending"
"RB-17","User-provided Release 2 roadmap; individual SRS text not yet available","1","Recurring Skip/Pause 24-hour restriction, date-range pause, unaffected sessions, worker approval","Modules/Cleaning/app/Services/RecurringCleaningPauseService.php; Modules/Cleaning/app/Services/CleaningBookingSessionCancellationService.php; Modules/Cleaning/app/Services/CleaningBookingSchedulePresenter.php","tests/Feature/Cleaning/RecurringCleaningPauseResumeRetryTest.php","PARTIAL - 24h cutoff implemented; date range and worker approval pending"
"AC-04","User-provided Release 2 roadmap; individual SRS text not yet available","1","Recurring Skip/Pause 24-hour restriction, date-range pause, unaffected sessions, worker approval","Modules/Cleaning/app/Services/RecurringCleaningPauseService.php; Modules/Cleaning/app/Services/CleaningBookingSessionCancellationService.php; Modules/Cleaning/app/Services/CleaningBookingSchedulePresenter.php","tests/Feature/Cleaning/RecurringCleaningPauseResumeRetryTest.php","PARTIAL - 24h cutoff implemented; date range and worker approval pending"
"AC-05","User-provided Release 2 roadmap; individual SRS text not yet available","1","Recurring Skip/Pause 24-hour restriction, date-range pause, unaffected sessions, worker approval","Modules/Cleaning/app/Services/RecurringCleaningPauseService.php; Modules/Cleaning/app/Services/CleaningBookingSessionCancellationService.php; Modules/Cleaning/app/Services/CleaningBookingSchedulePresenter.php","tests/Feature/Cleaning/RecurringCleaningPauseResumeRetryTest.php","PARTIAL - 24h cutoff implemented; date range and worker approval pending"
"SS-13","User-provided Release 2 roadmap; individual SRS text not yet available","2","Specialist qualifications, equipment authorization, reservation overlap and buffer rules","Modules/Cleaning/app/Models/CleaningEquipmentReservation.php; Modules/Cleaning/app/Services/CleaningSpecialServiceQuoteService.php","Not mapped","AUDIT PENDING"
"SS-14","User-provided Release 2 roadmap; individual SRS text not yet available","2","Specialist qualifications, equipment authorization, reservation overlap and buffer rules","Modules/Cleaning/app/Models/CleaningEquipmentReservation.php; Modules/Cleaning/app/Services/CleaningSpecialServiceQuoteService.php","Not mapped","AUDIT PENDING"
"SS-16","User-provided Release 2 roadmap; individual SRS text not yet available","2","Specialist qualifications, equipment authorization, reservation overlap and buffer rules","Modules/Cleaning/app/Models/CleaningEquipmentReservation.php; Modules/Cleaning/app/Services/CleaningSpecialServiceQuoteService.php","Not mapped","AUDIT PENDING"
"SS-19","User-provided Release 2 roadmap; individual SRS text not yet available","2","Specialist qualifications, equipment authorization, reservation overlap and buffer rules","Modules/Cleaning/app/Models/CleaningEquipmentReservation.php; Modules/Cleaning/app/Services/CleaningSpecialServiceQuoteService.php","Not mapped","AUDIT PENDING"
"SS-20","User-provided Release 2 roadmap; individual SRS text not yet available","2","Specialist qualifications, equipment authorization, reservation overlap and buffer rules","Modules/Cleaning/app/Models/CleaningEquipmentReservation.php; Modules/Cleaning/app/Services/CleaningSpecialServiceQuoteService.php","Not mapped","AUDIT PENDING"
"AC-14","User-provided Release 2 roadmap; individual SRS text not yet available","2","Specialist qualifications, equipment authorization, reservation overlap and buffer rules","Modules/Cleaning/app/Models/CleaningEquipmentReservation.php; Modules/Cleaning/app/Services/CleaningSpecialServiceQuoteService.php","Not mapped","AUDIT PENDING"
"AC-15","User-provided Release 2 roadmap; individual SRS text not yet available","2","Specialist qualifications, equipment authorization, reservation overlap and buffer rules","Modules/Cleaning/app/Models/CleaningEquipmentReservation.php; Modules/Cleaning/app/Services/CleaningSpecialServiceQuoteService.php","Not mapped","AUDIT PENDING"
"OT-16","User-provided Release 2 roadmap; individual SRS text not yet available","3","Administrative open-time termination and equipment handover, return and audit","Modules/Cleaning/app/Services/CleaningOpenTimeLifecycleService.php","Not mapped","AUDIT PENDING"
"SS-21","User-provided Release 2 roadmap; individual SRS text not yet available","3","Administrative open-time termination and equipment handover, return and audit","Modules/Cleaning/app/Services/CleaningOpenTimeLifecycleService.php","Not mapped","AUDIT PENDING"
"SS-22","User-provided Release 2 roadmap; individual SRS text not yet available","3","Administrative open-time termination and equipment handover, return and audit","Modules/Cleaning/app/Services/CleaningOpenTimeLifecycleService.php","Not mapped","AUDIT PENDING"
"SS-01","User-provided Release 2 roadmap; individual SRS text not yet available","4","Special-service standalone and add-on booking, customer approval, item details and audit","Modules/Cleaning/app/Models/CleaningBookingSpecialService.php; Modules/Cleaning/app/Services/CleaningSpecialServiceQuoteService.php","Not mapped","AUDIT PENDING"
"SS-02","User-provided Release 2 roadmap; individual SRS text not yet available","4","Special-service standalone and add-on booking, customer approval, item details and audit","Modules/Cleaning/app/Models/CleaningBookingSpecialService.php; Modules/Cleaning/app/Services/CleaningSpecialServiceQuoteService.php","Not mapped","AUDIT PENDING"
"SS-04","User-provided Release 2 roadmap; individual SRS text not yet available","4","Special-service standalone and add-on booking, customer approval, item details and audit","Modules/Cleaning/app/Models/CleaningBookingSpecialService.php; Modules/Cleaning/app/Services/CleaningSpecialServiceQuoteService.php","Not mapped","AUDIT PENDING"
"SS-05","User-provided Release 2 roadmap; individual SRS text not yet available","4","Special-service standalone and add-on booking, customer approval, item details and audit","Modules/Cleaning/app/Models/CleaningBookingSpecialService.php; Modules/Cleaning/app/Services/CleaningSpecialServiceQuoteService.php","Not mapped","AUDIT PENDING"
"SS-06","User-provided Release 2 roadmap; individual SRS text not yet available","4","Special-service standalone and add-on booking, customer approval, item details and audit","Modules/Cleaning/app/Models/CleaningBookingSpecialService.php; Modules/Cleaning/app/Services/CleaningSpecialServiceQuoteService.php","Not mapped","AUDIT PENDING"
"SS-07","User-provided Release 2 roadmap; individual SRS text not yet available","4","Special-service standalone and add-on booking, customer approval, item details and audit","Modules/Cleaning/app/Models/CleaningBookingSpecialService.php; Modules/Cleaning/app/Services/CleaningSpecialServiceQuoteService.php","Not mapped","AUDIT PENDING"
"SS-08","User-provided Release 2 roadmap; individual SRS text not yet available","4","Special-service standalone and add-on booking, customer approval, item details and audit","Modules/Cleaning/app/Models/CleaningBookingSpecialService.php; Modules/Cleaning/app/Services/CleaningSpecialServiceQuoteService.php","Not mapped","AUDIT PENDING"
"SS-09","User-provided Release 2 roadmap; individual SRS text not yet available","4","Special-service standalone and add-on booking, customer approval, item details and audit","Modules/Cleaning/app/Models/CleaningBookingSpecialService.php; Modules/Cleaning/app/Services/CleaningSpecialServiceQuoteService.php","Not mapped","AUDIT PENDING"
"SS-10","User-provided Release 2 roadmap; individual SRS text not yet available","4","Special-service standalone and add-on booking, customer approval, item details and audit","Modules/Cleaning/app/Models/CleaningBookingSpecialService.php; Modules/Cleaning/app/Services/CleaningSpecialServiceQuoteService.php","Not mapped","AUDIT PENDING"
"SS-11","User-provided Release 2 roadmap; individual SRS text not yet available","4","Special-service standalone and add-on booking, customer approval, item details and audit","Modules/Cleaning/app/Models/CleaningBookingSpecialService.php; Modules/Cleaning/app/Services/CleaningSpecialServiceQuoteService.php","Not mapped","AUDIT PENDING"
"SS-12","User-provided Release 2 roadmap; individual SRS text not yet available","4","Special-service standalone and add-on booking, customer approval, item details and audit","Modules/Cleaning/app/Models/CleaningBookingSpecialService.php; Modules/Cleaning/app/Services/CleaningSpecialServiceQuoteService.php","Not mapped","AUDIT PENDING"
"SS-23","User-provided Release 2 roadmap; individual SRS text not yet available","4","Special-service standalone and add-on booking, customer approval, item details and audit","Modules/Cleaning/app/Models/CleaningBookingSpecialService.php; Modules/Cleaning/app/Services/CleaningSpecialServiceQuoteService.php","Not mapped","AUDIT PENDING"
"SS-24","User-provided Release 2 roadmap; individual SRS text not yet available","4","Special-service standalone and add-on booking, customer approval, item details and audit","Modules/Cleaning/app/Models/CleaningBookingSpecialService.php; Modules/Cleaning/app/Services/CleaningSpecialServiceQuoteService.php","Not mapped","AUDIT PENDING"
"SS-25","User-provided Release 2 roadmap; individual SRS text not yet available","4","Special-service standalone and add-on booking, customer approval, item details and audit","Modules/Cleaning/app/Models/CleaningBookingSpecialService.php; Modules/Cleaning/app/Services/CleaningSpecialServiceQuoteService.php","Not mapped","AUDIT PENDING"
"SS-26","User-provided Release 2 roadmap; individual SRS text not yet available","4","Special-service standalone and add-on booking, customer approval, item details and audit","Modules/Cleaning/app/Models/CleaningBookingSpecialService.php; Modules/Cleaning/app/Services/CleaningSpecialServiceQuoteService.php","Not mapped","AUDIT PENDING"
"SS-27","User-provided Release 2 roadmap; individual SRS text not yet available","4","Special-service standalone and add-on booking, customer approval, item details and audit","Modules/Cleaning/app/Models/CleaningBookingSpecialService.php; Modules/Cleaning/app/Services/CleaningSpecialServiceQuoteService.php","Not mapped","AUDIT PENDING"
"AC-16","User-provided Release 2 roadmap; individual SRS text not yet available","4","Special-service standalone and add-on booking, customer approval, item details and audit","Modules/Cleaning/app/Models/CleaningBookingSpecialService.php; Modules/Cleaning/app/Services/CleaningSpecialServiceQuoteService.php","Not mapped","AUDIT PENDING"
"AC-17","User-provided Release 2 roadmap; individual SRS text not yet available","4","Special-service standalone and add-on booking, customer approval, item details and audit","Modules/Cleaning/app/Models/CleaningBookingSpecialService.php; Modules/Cleaning/app/Services/CleaningSpecialServiceQuoteService.php","Not mapped","AUDIT PENDING"
"AC-18","User-provided Release 2 roadmap; individual SRS text not yet available","4","Special-service standalone and add-on booking, customer approval, item details and audit","Modules/Cleaning/app/Models/CleaningBookingSpecialService.php; Modules/Cleaning/app/Services/CleaningSpecialServiceQuoteService.php","Not mapped","AUDIT PENDING"
"AC-19","User-provided Release 2 roadmap; individual SRS text not yet available","4","Special-service standalone and add-on booking, customer approval, item details and audit","Modules/Cleaning/app/Models/CleaningBookingSpecialService.php; Modules/Cleaning/app/Services/CleaningSpecialServiceQuoteService.php","Not mapped","AUDIT PENDING"
"AC-20","User-provided Release 2 roadmap; individual SRS text not yet available","4","Special-service standalone and add-on booking, customer approval, item details and audit","Modules/Cleaning/app/Models/CleaningBookingSpecialService.php; Modules/Cleaning/app/Services/CleaningSpecialServiceQuoteService.php","Not mapped","AUDIT PENDING"
"SS-15","User-provided Release 2 roadmap; individual SRS text not yet available","5","Fair specialist allocation, sequential/parallel duration calculation, financial and equipment reporting","Not mapped","Not mapped","AUDIT PENDING"
"SS-17","User-provided Release 2 roadmap; individual SRS text not yet available","5","Fair specialist allocation, sequential/parallel duration calculation, financial and equipment reporting","Not mapped","Not mapped","AUDIT PENDING"
"SS-28","User-provided Release 2 roadmap; individual SRS text not yet available","5","Fair specialist allocation, sequential/parallel duration calculation, financial and equipment reporting","Not mapped","Not mapped","AUDIT PENDING"
